salary,age,credit score,debt,approved
95000,61,302,102000,0
115000,42,582,127000,0
100000,79,826,43000,1
140000,34,792,44000,1
30000,62,395,108000,0
145000,61,841,80000,1
35000,43,524,92000,0
75000,56,809,1000,1
140000,55,578,97000,0
165000,45,849,71000,1
65000,54,614,114000,0
90000,77,654,65000,0
25000,18,686,113000,0
150000,52,681,29000,1
30000,72,314,81000,0
215000,41,743,75000,1
25000,50,359,57000,0
70000,22,815,73000,1
25000,29,774,12000,1
135000,36,519,144000,0
170000,68,687,52000,1
50000,26,682,105000,0
105000,46,527,57000,0
45000,77,666,96000,1
100000,22,378,95000,0
25000,56,411,91000,0
110000,39,367,99000,0
150000,22,404,101000,0
45000,18,598,124000,0
140000,70,324,108000,0
70000,29,642,84000,0
150000,90,450,60000,0
60000,26,385,118000,0
85000,83,595,51000,0
65000,50,836,58000,1
105000,47,327,106000,0
120000,36,675,49000,1
115000,40,616,54000,0
205000,29,664,58000,1
120000,27,308,127000,0
100000,75,446,117000,0
125000,59,753,91000,1
105000,33,587,104000,0
30000,22,821,68000,1
180000,72,807,80000,1
210000,85,713,11000,1
100000,47,704,16000,1
125000,77,793,43000,1
55000,74,663,60000,0
105000,44,407,83000,0
160000,82,687,97000,1
110000,82,742,7000,1
70000,28,530,97000,0
110000,33,816,59000,1
135000,25,814,89000,1
100000,56,457,142000,0
70000,22,503,83000,0
30000,69,825,25000,1
135000,61,412,112000,0
125000,35,348,120000,0
130000,28,521,93000,0
235000,54,768,35000,1
70000,59,521,113000,0
95000,70,459,105000,0
180000,44,671,50000,1
135000,90,339,71000,0
235000,55,659,90000,1
35000,53,416,112000,0
215000,84,794,39000,1
85000,58,684,97000,0
90000,30,816,12000,1
240000,82,683,59000,1
40000,54,806,76000,1
35000,20,494,141000,0
120000,32,582,56000,0
200000,28,721,50000,1
190000,65,760,94000,1
35000,38,637,55000,0
65000,19,811,11000,1
95000,49,753,22000,1
225000,50,846,21000,1
85000,77,827,65000,1
45000,50,699,92000,1
180000,78,716,68000,1
235000,24,826,24000,1
90000,45,561,146000,0
65000,23,352,97000,0
95000,18,608,70000,0
105000,46,740,94000,1
120000,47,759,43000,1
135000,18,588,107000,0
45000,33,451,83000,0
215000,63,798,3000,1
190000,38,686,47000,1
215000,60,745,43000,1
50000,53,781,1000,1
145000,48,797,78000,1
135000,82,602,89000,0
60000,61,597,122000,0
125000,43,674,83000,1
185000,55,816,81000,1
70000,58,656,69000,1
135000,55,509,116000,0
60000,88,443,113000,0
50000,28,836,72000,1
70000,68,668,90000,0
105000,73,322,74000,0
50000,63,668,90000,1
140000,72,752,4000,1
40000,67,516,134000,0
185000,61,773,77000,1
60000,59,574,62000,0
150000,87,699,48000,1
185000,61,703,8000,1
135000,19,842,36000,1
130000,29,394,55000,0
100000,54,513,121000,0
170000,21,774,3000,1
110000,73,681,55000,1
160000,21,670,95000,1
35000,26,415,72000,0
195000,73,672,27000,1
95000,37,552,69000,0
95000,24,453,127000,0
130000,20,306,53000,0
60000,77,317,73000,0
235000,29,829,12000,1
235000,76,738,6000,1
35000,54,409,102000,0
55000,43,479,92000,0
60000,64,705,31000,1
200000,74,820,23000,1
85000,77,614,53000,0
160000,29,679,20000,1
100000,42,736,90000,1
105000,31,799,6000,1
95000,45,837,41000,1
55000,30,500,101000,0
185000,81,661,21000,1
60000,20,674,50000,0
130000,45,528,98000,0
245000,43,678,26000,1
45000,72,380,86000,0
150000,86,663,138000,0
70000,73,747,81000,1
50000,81,831,0,1
70000,65,846,42000,1
155000,22,710,12000,1
85000,48,613,147000,0
115000,52,736,66000,1
25000,42,560,115000,0
160000,36,768,55000,1
125000,26,716,18000,1
40000,30,449,79000,0
110000,30,491,86000,0
185000,82,696,92000,1
185000,31,842,84000,1
100000,87,703,27000,1
145000,21,829,1000,1
145000,33,742,34000,1
225000,89,741,89000,1
235000,41,789,2000,1
240000,49,807,74000,1
185000,85,769,22000,1
155000,20,747,86000,1
105000,42,666,37000,1
245000,62,756,65000,1
170000,42,847,66000,1
70000,69,696,93000,1
125000,33,685,58000,1
140000,29,443,101000,0
45000,88,602,88000,0
45000,27,778,98000,1
240000,27,666,96000,1
45000,78,434,72000,0
65000,89,610,106000,0
165000,53,657,61000,1
40000,29,823,50000,1
220000,42,743,4000,1
245000,40,787,68000,1
110000,88,450,98000,0
180000,29,743,62000,1
215000,28,657,45000,1
65000,33,522,91000,0
150000,90,517,98000,0
65000,50,368,86000,0
130000,53,794,41000,1
155000,69,724,27000,1
80000,64,394,122000,0
115000,51,414,87000,0
35000,19,790,20000,1
210000,38,665,97000,1
110000,21,777,30000,1
35000,53,798,96000,1
55000,54,582,106000,0
95000,26,361,131000,0
60000,75,818,62000,1
105000,57,380,63000,0
225000,61,675,17000,1
55000,19,641,58000,0
230000,49,728,2000,1
215000,50,664,22000,1
150000,50,418,82000,0
150000,28,664,56000,1
60000,63,442,92000,0
35000,69,725,24000,1
175000,65,762,90000,1
155000,63,664,52000,1
135000,49,743,71000,1
225000,49,825,33000,1
115000,54,741,1000,1
60000,86,829,23000,1
180000,31,756,77000,1
130000,82,711,18000,1
35000,56,721,8000,1
140000,22,585,60000,0
250000,66,730,35000,1
105000,82,702,31000,1
35000,76,825,19000,1
115000,57,826,24000,1
145000,78,603,110000,0
100000,45,790,39000,1
80000,27,373,121000,0
45000,23,673,58000,1
140000,74,301,55000,0
240000,90,720,40000,1
150000,20,690,46000,1
40000,64,434,112000,0
135000,48,364,133000,0
95000,62,613,114000,0
235000,67,657,38000,1
60000,74,592,67000,0
65000,77,672,138000,0
135000,25,578,126000,0
140000,20,406,74000,0
35000,26,545,123000,0
220000,40,731,37000,1
100000,18,679,87000,0
160000,75,691,99000,1
105000,74,651,144000,0
120000,36,312,126000,0
25000,24,761,45000,1
80000,50,505,65000,0
45000,88,446,65000,0
235000,81,812,74000,1
130000,76,569,83000,0
140000,28,385,80000,0
215000,40,812,25000,1
150000,21,465,124000,0
145000,66,529,133000,0
110000,83,544,134000,0
220000,81,756,85000,1
50000,58,663,27000,1
65000,87,368,73000,0
150000,83,628,97000,0
70000,49,682,52000,0
65000,58,318,72000,0
175000,85,788,36000,1
130000,40,687,54000,1
80000,26,450,65000,0
105000,81,417,118000,0
80000,79,306,85000,0
150000,24,797,66000,1
225000,32,781,3000,1
100000,64,782,43000,1
110000,86,677,96000,1
190000,72,773,80000,1
80000,31,654,52000,1
25000,43,758,48000,1
155000,22,728,35000,1
175000,73,775,36000,1
115000,29,407,104000,0
120000,20,831,64000,1
95000,71,723,27000,1
235000,25,771,49000,1
90000,86,644,119000,0
40000,29,344,52000,0
195000,40,651,2000,1
250000,39,758,12000,1
120000,37,439,113000,0
130000,83,636,79000,0
75000,42,793,26000,1
30000,32,648,81000,0
30000,63,690,0,1
120000,41,718,46000,1
145000,38,559,94000,0
205000,21,799,32000,1
80000,47,456,91000,0
190000,21,733,67000,1
150000,42,366,97000,0
75000,56,537,139000,0
195000,33,812,25000,1
110000,36,360,85000,0
85000,73,699,82000,1
200000,80,780,18000,1
110000,22,478,118000,0
185000,67,777,66000,1
195000,46,736,39000,1
140000,86,608,82000,0
165000,57,703,90000,1
175000,32,780,83000,1
80000,74,403,59000,0
250000,55,742,38000,1
120000,78,645,131000,0
100000,47,454,122000,0
150000,71,464,54000,0
40000,40,796,72000,1
225000,83,756,6000,1
25000,71,530,88000,0
80000,51,767,33000,1
50000,42,628,65000,0
70000,46,368,92000,0
105000,54,647,54000,0
55000,81,436,141000,0
125000,87,754,14000,1
125000,43,604,121000,0
100000,72,504,144000,0
65000,90,349,51000,0
140000,83,542,119000,0
100000,24,667,61000,1
40000,19,799,15000,1
100000,48,677,1000,1
35000,28,701,20000,1
105000,25,752,60000,1
50000,80,603,121000,0
65000,32,804,10000,1
235000,76,761,81000,1
120000,48,540,115000,0
40000,83,655,87000,0
25000,46,552,117000,0
75000,60,835,70000,1
125000,35,811,89000,1
125000,21,740,14000,1
115000,72,446,89000,0
180000,32,736,23000,1
125000,73,711,45000,1
65000,78,658,35000,1
125000,30,423,76000,0
50000,72,300,113000,0
135000,81,678,14000,1
210000,82,760,37000,1
45000,31,379,120000,0
225000,56,843,1000,1
240000,74,823,78000,1
110000,87,670,28000,1
50000,69,769,78000,1
65000,76,626,86000,0
25000,73,662,95000,1
125000,69,523,80000,0
60000,89,363,107000,0
70000,73,822,41000,1
145000,20,367,71000,0
80000,23,833,58000,1
75000,18,594,86000,0
35000,88,688,84000,0
80000,67,731,47000,1
30000,82,517,145000,0
35000,55,557,54000,0
60000,20,400,54000,0
150000,76,374,68000,0
25000,60,758,4000,1
70000,50,822,93000,1
35000,33,468,109000,0
150000,73,686,27000,1
70000,40,840,5000,1
115000,35,662,50000,0
140000,58,660,47000,1
230000,77,701,65000,1
135000,70,745,36000,1
115000,75,676,88000,1
60000,57,840,61000,1
100000,47,726,0,1
60000,41,443,124000,0
220000,44,659,12000,1
40000,46,620,139000,0
35000,66,748,41000,1
85000,78,678,132000,0
60000,20,639,143000,0
135000,30,310,68000,0
125000,86,651,122000,0
30000,21,848,76000,1
125000,54,441,144000,0
140000,56,357,104000,0
85000,48,832,70000,1
80000,81,660,56000,1
125000,40,600,147000,0
85000,60,681,117000,0
215000,63,829,16000,1
235000,27,760,99000,1
115000,59,357,135000,0
160000,32,731,6000,1
115000,71,654,78000,1
245000,24,774,52000,1
80000,60,478,88000,0
205000,73,670,83000,1
30000,83,603,61000,0
125000,77,686,79000,1
80000,51,717,84000,1
55000,18,613,142000,0
125000,44,676,30000,1
100000,89,721,46000,1
70000,49,560,143000,0
215000,90,659,74000,1
135000,46,490,102000,0
65000,72,444,101000,0
80000,21,420,65000,0
55000,28,620,140000,0
105000,62,518,50000,0
140000,22,725,38000,1
60000,33,593,65000,0
125000,81,657,77000,1
230000,19,680,16000,1
210000,33,839,7000,1
130000,70,537,93000,0
250000,73,755,51000,1
120000,31,480,97000,0
145000,21,510,136000,0
65000,64,774,24000,1
85000,69,817,94000,1
130000,66,324,51000,0
25000,85,360,144000,0
110000,55,436,110000,0
80000,90,757,51000,1
225000,50,819,15000,1
230000,60,768,90000,1
75000,18,688,121000,0
75000,80,841,98000,1
175000,32,796,98000,1
50000,76,386,123000,0
80000,90,464,107000,0
80000,52,567,142000,0
100000,22,505,146000,0
60000,74,739,97000,1
110000,84,343,55000,0
45000,82,808,7000,1
130000,77,346,132000,0
70000,78,831,60000,1
75000,90,380,68000,0
240000,36,685,81000,1
95000,56,657,50000,1
50000,80,714,26000,1
50000,50,327,56000,0
100000,30,541,140000,0
90000,47,796,58000,1
60000,20,713,16000,1
95000,48,376,122000,0
90000,80,391,67000,0
180000,46,843,37000,1
55000,75,737,14000,1
120000,23,839,58000,1
40000,51,747,83000,1
40000,34,555,77000,0
135000,35,758,82000,1
235000,54,705,83000,1
80000,77,492,112000,0
70000,48,611,76000,0
140000,39,503,124000,0
60000,62,492,89000,0
250000,54,818,5000,1
150000,36,637,111000,0
120000,44,413,125000,0
60000,34,761,0,1
25000,53,754,48000,1
50000,32,778,30000,1
190000,24,664,74000,1
245000,44,807,94000,1
105000,59,708,24000,1
195000,32,683,30000,1
70000,40,695,8000,1
30000,39,651,17000,1
125000,49,514,117000,0
135000,38,650,60000,0
40000,24,421,83000,0
35000,86,444,60000,0
25000,49,432,136000,0
180000,87,768,54000,1
115000,33,564,64000,0
125000,53,681,63000,0
30000,52,613,111000,0
65000,64,358,132000,0
140000,75,656,17000,1
85000,90,341,127000,0
110000,84,503,114000,0
30000,41,374,105000,0
200000,90,780,70000,1
135000,41,667,136000,0
115000,34,585,140000,0
80000,65,658,135000,0
90000,59,604,116000,0
140000,86,354,105000,0
115000,85,393,61000,0
110000,29,372,92000,0
60000,71,816,49000,1
250000,74,814,63000,1
160000,29,776,86000,1
250000,64,739,84000,1
40000,38,799,44000,1
50000,54,749,86000,1
110000,77,846,8000,1
90000,30,849,57000,1
110000,44,514,108000,0
125000,83,580,100000,0
60000,61,442,102000,0
80000,24,672,11000,1
245000,56,813,46000,1
235000,25,757,15000,1
120000,80,713,25000,1
160000,90,697,18000,1
55000,88,353,64000,0
70000,55,593,118000,0
135000,50,468,74000,0
145000,18,522,79000,0
170000,84,699,16000,1
45000,29,421,53000,0
85000,33,454,100000,0
180000,56,848,32000,1
140000,79,423,119000,0
150000,46,675,95000,0
110000,73,392,78000,0
250000,34,757,99000,1
30000,46,372,132000,0
225000,78,821,91000,1
80000,77,630,117000,0
70000,26,644,114000,0
80000,64,658,95000,0
80000,88,839,21000,1
125000,74,703,96000,1
145000,59,720,97000,1
45000,46,370,70000,0
170000,87,837,71000,1
185000,33,674,90000,1
150000,63,828,91000,1
90000,39,337,138000,0
130000,27,519,144000,0
145000,26,799,59000,1
240000,68,773,40000,1
100000,40,373,51000,0
135000,84,840,93000,1
90000,87,821,64000,1
35000,25,367,79000,0
180000,39,761,7000,1
65000,40,518,145000,0
105000,89,771,11000,1
65000,69,785,13000,1
230000,38,716,60000,1
145000,85,305,148000,0
50000,33,682,98000,0
240000,77,778,86000,1
80000,25,357,119000,0
130000,35,663,119000,0
105000,41,733,61000,1
100000,38,821,3000,1
245000,22,813,0,1
185000,42,803,98000,1
195000,60,672,66000,1
35000,74,482,95000,0
100000,67,612,83000,0
110000,77,674,125000,0
210000,89,673,75000,1
105000,28,664,67000,1
55000,34,725,70000,1
100000,42,315,89000,0
105000,63,681,123000,0
205000,18,744,12000,1
100000,89,695,47000,1
75000,48,360,56000,0
80000,34,842,39000,1
30000,54,519,132000,0
140000,71,569,134000,0
35000,71,662,74000,1
50000,89,716,22000,1
235000,87,762,10000,1
145000,43,541,115000,0
60000,59,335,57000,0
140000,37,838,67000,1
80000,69,825,66000,1
110000,23,312,55000,0
95000,66,672,65000,0
160000,24,811,4000,1
85000,76,689,46000,1
70000,24,761,13000,1
195000,69,845,34000,1
95000,53,573,147000,0
65000,32,543,93000,0
95000,36,471,107000,0
40000,69,412,123000,0
55000,26,572,58000,0
125000,36,350,104000,0
95000,60,557,138000,0
225000,84,723,64000,1
30000,58,500,110000,0
80000,46,528,84000,0
145000,44,446,103000,0
115000,52,596,148000,0
150000,76,497,72000,0
180000,62,825,79000,1
90000,74,504,140000,0
150000,69,698,44000,1
25000,34,836,78000,1
25000,52,848,88000,1
130000,34,721,16000,1
70000,81,389,119000,0
40000,47,639,114000,0
70000,60,777,86000,1
220000,63,790,97000,1
115000,25,318,121000,0
25000,29,757,33000,1
75000,23,346,85000,0
70000,69,345,113000,0
190000,73,764,74000,1
205000,31,720,67000,1
75000,19,585,148000,0
135000,52,545,89000,0
70000,81,667,72000,1
40000,45,393,124000,0
150000,38,414,125000,0
125000,65,477,81000,0
100000,56,692,97000,1
110000,72,454,102000,0
125000,67,415,127000,0
120000,47,821,54000,1
145000,90,658,123000,0
70000,82,371,148000,0
75000,82,656,85000,1
85000,27,819,21000,1
30000,44,615,127000,0
210000,35,717,6000,1
120000,53,503,104000,0
215000,33,767,60000,1
85000,78,594,104000,0
180000,52,803,17000,1
40000,81,508,64000,0
135000,55,776,93000,1
135000,61,374,137000,0
45000,63,372,136000,0
215000,40,724,42000,1
100000,35,795,93000,1
130000,90,643,50000,0
145000,29,651,64000,1
30000,74,460,122000,0
50000,49,445,112000,0
65000,29,749,85000,1
60000,65,489,75000,0
95000,88,593,77000,0
85000,39,488,100000,0
100000,75,510,97000,0
85000,52,507,113000,0
135000,32,638,52000,0
165000,23,657,67000,1
130000,43,587,111000,0
140000,68,571,77000,0
140000,29,742,99000,1
200000,57,755,27000,1
50000,25,713,73000,1
115000,64,635,78000,0
80000,63,347,121000,0
110000,52,580,141000,0
40000,22,431,61000,0
150000,24,680,42000,1
220000,44,693,77000,1
100000,26,738,54000,1
180000,90,658,14000,1
60000,75,795,77000,1
95000,67,781,77000,1
115000,77,810,94000,1
120000,63,523,149000,0
210000,59,688,74000,1
70000,61,731,77000,1
220000,34,756,1000,1
135000,29,432,92000,0
40000,47,770,16000,1
25000,46,839,67000,1
140000,28,824,20000,1
95000,55,332,149000,0
245000,19,657,87000,1
55000,78,811,31000,1
105000,19,793,95000,1
205000,20,803,69000,1
55000,76,587,145000,0
105000,43,672,55000,0
75000,88,436,100000,0
55000,23,636,94000,0
125000,65,824,74000,1
245000,29,701,26000,1
220000,58,707,55000,1
110000,49,320,75000,0
45000,38,545,72000,0
70000,24,660,44000,1
35000,29,715,5000,1
230000,61,768,98000,1
130000,85,575,86000,0
115000,73,484,61000,0
70000,89,463,124000,0
130000,30,759,61000,1
130000,65,497,55000,0
135000,61,776,77000,1
130000,26,661,11000,1
105000,84,748,92000,1
50000,35,689,97000,1
110000,62,454,103000,0
205000,29,757,59000,1
55000,36,305,65000,0
215000,59,822,58000,1
130000,47,354,77000,0
140000,56,480,90000,0
100000,79,363,143000,0
55000,65,634,91000,0
115000,63,438,64000,0
100000,85,676,92000,0
100000,34,457,69000,0
50000,64,794,7000,1
165000,89,801,99000,1
180000,70,668,1000,1
60000,42,768,15000,1
200000,68,847,72000,1
50000,38,627,60000,0
120000,63,589,119000,0
80000,50,668,61000,0
45000,30,739,25000,1
140000,33,804,92000,1
150000,74,607,57000,0
130000,70,520,130000,0
40000,80,839,4000,1
25000,83,460,127000,0
120000,60,632,128000,0
60000,59,469,63000,0
110000,19,745,33000,1
125000,74,672,54000,0
215000,29,678,12000,1
30000,21,360,105000,0
65000,67,393,106000,0
145000,65,403,142000,0
65000,28,351,140000,0
70000,73,604,105000,0
70000,18,524,71000,0
250000,48,832,95000,1
125000,69,636,147000,0
50000,40,665,21000,1
65000,75,850,50000,1
250000,43,806,2000,1
180000,40,783,6000,1
55000,54,399,83000,0
85000,59,689,84000,0
90000,88,529,68000,0
85000,83,504,103000,0
40000,88,695,59000,1
90000,78,328,128000,0
120000,64,493,126000,0
130000,39,659,112000,0
125000,67,470,76000,0
65000,83,337,63000,0
175000,26,779,31000,1
100000,63,512,76000,0
140000,64,829,6000,1
70000,48,329,113000,0
110000,74,676,15000,1
175000,85,721,81000,1
110000,37,685,122000,0
80000,37,402,140000,0
60000,66,673,63000,1
145000,42,669,10000,1
95000,66,351,62000,0
60000,78,793,26000,1
125000,56,715,39000,1
60000,72,655,24000,1
65000,21,666,80000,1
25000,58,484,148000,0
30000,90,402,50000,0
130000,67,827,14000,1
130000,71,785,25000,1
140000,20,452,90000,0
50000,61,736,12000,1
45000,21,309,54000,0
100000,37,581,86000,0
135000,69,316,81000,0
215000,32,654,20000,1
105000,63,693,32000,1
25000,33,383,75000,0
135000,57,526,109000,0
105000,57,642,133000,0
160000,77,823,34000,1
125000,36,627,81000,0
130000,38,754,75000,1
65000,33,721,48000,1
80000,50,657,5000,1
60000,44,806,18000,1
90000,21,702,9000,1
110000,54,377,66000,0
35000,53,561,99000,0
140000,73,783,27000,1
50000,79,391,139000,0
245000,51,658,97000,1
95000,37,683,88000,0
150000,80,344,145000,0
180000,83,809,97000,1
40000,22,399,51000,0
115000,86,677,122000,0
55000,48,797,31000,1
210000,24,775,41000,1
180000,28,823,87000,1
235000,30,683,58000,1
85000,76,495,140000,0
185000,86,719,57000,1
230000,75,809,7000,1
65000,44,769,69000,1
145000,89,542,77000,0
140000,67,755,58000,1
60000,43,619,129000,0
45000,64,656,24000,1
140000,88,710,87000,1
110000,43,584,107000,0
35000,18,354,97000,0
145000,81,447,131000,0
195000,48,731,70000,1
45000,25,354,88000,0
95000,76,625,142000,0
65000,44,551,95000,0
140000,80,789,20000,1
125000,66,708,28000,1
65000,19,703,31000,1
150000,22,457,64000,0
40000,30,433,72000,0
155000,55,693,57000,1
80000,31,558,98000,0
250000,50,730,29000,1
95000,20,667,101000,0
95000,73,461,71000,0
70000,88,683,67000,1
210000,18,755,53000,1
195000,68,726,94000,1
45000,52,480,101000,0
70000,18,661,7000,1
145000,71,447,76000,0
140000,84,645,54000,0
80000,67,620,136000,0
235000,86,811,14000,1
190000,52,830,89000,1
135000,61,342,110000,0
215000,26,834,54000,1
60000,66,567,132000,0
120000,27,514,66000,0
220000,27,654,11000,1
55000,89,752,11000,1
30000,25,525,79000,0
200000,77,656,2000,1
85000,68,660,126000,0
100000,22,659,134000,0
30000,66,722,86000,1
25000,19,595,74000,0
150000,81,741,93000,1
190000,88,662,52000,1
100000,82,694,93000,1
125000,40,547,108000,0
150000,54,650,63000,0
80000,76,452,57000,0
100000,41,558,110000,0
225000,71,726,52000,1
40000,81,303,128000,0
135000,66,423,97000,0
135000,27,409,148000,0
65000,53,594,79000,0
35000,36,453,78000,0
175000,58,712,87000,1
105000,62,605,69000,0
125000,33,355,84000,0
75000,40,369,114000,0
80000,85,572,109000,0
210000,42,820,31000,1
70000,71,843,69000,1
65000,47,807,22000,1
190000,51,674,43000,1
65000,46,446,142000,0
90000,65,846,7000,1
150000,89,385,57000,0
45000,83,843,13000,1
130000,83,808,53000,1
35000,50,680,54000,1
130000,82,664,87000,1
50000,52,516,149000,0
180000,68,831,53000,1
190000,29,808,30000,1
55000,21,665,51000,0
55000,64,717,68000,1
140000,64,314,51000,0
200000,73,800,28000,1
60000,30,681,80000,1
160000,43,713,48000,1
145000,32,337,104000,0
40000,64,646,112000,0
110000,45,663,59000,0
150000,83,509,117000,0
95000,84,820,31000,1
125000,44,727,65000,1
60000,54,610,103000,0
205000,20,654,98000,1
30000,29,548,136000,0
70000,24,335,101000,0
85000,36,825,84000,1
95000,66,332,68000,0
25000,69,337,138000,0
35000,23,733,1000,1
185000,84,731,4000,1
75000,45,678,47000,1
50000,28,654,111000,0
40000,77,695,49000,1
25000,57,652,138000,0
120000,63,673,91000,0
100000,33,421,59000,0
95000,23,727,82000,1
160000,19,735,54000,1
145000,37,674,21000,1
50000,90,722,24000,1
215000,44,752,4000,1
100000,30,534,85000,0
205000,22,790,70000,1
90000,34,332,64000,0
40000,69,829,32000,1
235000,62,767,93000,1
130000,90,814,5000,1
85000,20,479,115000,0
130000,68,320,106000,0
25000,32,668,92000,1
25000,64,521,58000,0
105000,37,716,48000,1
60000,71,758,10000,1
30000,26,693,2000,1
180000,39,696,55000,1
90000,86,591,51000,0
85000,27,685,0,1
55000,53,534,102000,0
70000,44,425,93000,0
200000,69,729,18000,1
70000,86,309,94000,0
80000,69,847,60000,1
240000,45,849,3000,1
65000,55,561,126000,0
65000,60,412,97000,0
30000,69,551,101000,0
110000,53,766,40000,1
40000,68,478,118000,0
150000,33,345,89000,0
150000,57,705,65000,1
195000,48,798,82000,1
145000,86,767,36000,1
30000,23,480,94000,0
90000,73,486,133000,0
55000,51,630,94000,0
95000,64,420,61000,0
120000,73,548,111000,0
90000,89,480,77000,0
40000,59,732,17000,1
55000,51,357,60000,0
85000,36,737,3000,1
45000,49,608,63000,0
200000,70,732,92000,1
25000,55,803,29000,1
145000,38,827,3000,1
40000,46,607,132000,0
140000,32,310,100000,0
95000,56,568,69000,0
85000,31,652,58000,1
150000,36,509,63000,0
60000,45,530,52000,0
235000,36,710,29000,1
35000,45,776,62000,1
135000,30,595,59000,0
60000,23,651,123000,0
35000,29,651,38000,1
45000,67,680,117000,0
235000,79,741,69000,1
145000,67,444,50000,0
140000,48,419,57000,0
120000,62,367,68000,0
55000,89,626,113000,0
70000,69,438,130000,0
35000,82,682,136000,0
125000,82,696,31000,1
40000,63,612,104000,0
150000,78,710,58000,1
50000,39,666,50000,0
225000,62,779,99000,1
150000,42,816,10000,1
55000,65,659,122000,0
135000,39,515,81000,0
120000,26,545,104000,0
65000,39,501,75000,0
30000,30,759,55000,1
80000,68,744,0,1
175000,40,833,40000,1
55000,37,365,79000,0
70000,52,714,23000,1
150000,40,413,57000,0
150000,20,361,82000,0
115000,78,356,138000,0
65000,40,374,96000,0
80000,61,626,137000,0
40000,18,316,136000,0
230000,29,843,65000,1
35000,85,594,110000,0
35000,60,477,129000,0
105000,69,526,120000,0
40000,76,655,122000,0
140000,56,682,74000,1
70000,67,845,60000,1
45000,41,323,122000,0
70000,30,478,133000,0
100000,78,611,57000,0
150000,25,679,64000,0
135000,56,849,47000,1
45000,86,449,135000,0
65000,52,570,132000,0
50000,46,647,147000,0
145000,54,647,62000,0
150000,46,498,130000,0
40000,45,393,70000,0
85000,46,719,23000,1
100000,57,689,132000,0
30000,49,450,88000,0
65000,34,731,68000,1
150000,89,306,83000,0
85000,80,407,90000,0
115000,41,362,144000,0
50000,77,769,45000,1
125000,66,548,65000,0
150000,68,784,97000,1
155000,28,663,85000,1
90000,88,439,114000,0
85000,30,635,51000,0
125000,63,742,47000,1
220000,88,749,97000,1
40000,77,783,38000,1
180000,74,803,34000,1
200000,50,753,14000,1
135000,73,832,17000,1
115000,31,660,118000,0
135000,35,550,73000,0
90000,38,709,31000,1
245000,58,843,72000,1
30000,28,757,57000,1
55000,70,497,90000,0
110000,79,330,116000,0
80000,68,689,53000,1
205000,63,812,84000,1
225000,28,765,45000,1
210000,27,849,86000,1
50000,40,380,89000,0
170000,60,736,56000,1
80000,42,670,94000,1
75000,34,445,50000,0
165000,51,821,49000,1
195000,69,765,62000,1
105000,72,343,91000,0
150000,43,329,119000,0
90000,87,680,63000,0
135000,38,846,85000,1
40000,28,383,60000,0
75000,40,443,83000,0
65000,25,540,80000,0
45000,54,592,143000,0
75000,64,647,121000,0
95000,62,333,97000,0
70000,48,372,78000,0
235000,60,676,96000,1
235000,43,829,2000,1
125000,49,693,98000,1
115000,30,366,82000,0
80000,79,755,26000,1
80000,37,738,14000,1
30000,69,650,72000,0
125000,30,655,107000,0
70000,68,378,122000,0
155000,47,701,13000,1
95000,68,509,140000,0
225000,35,787,37000,1
30000,66,329,120000,0
145000,27,544,136000,0
145000,39,454,69000,0
80000,63,518,146000,0
150000,71,395,80000,0
25000,20,375,121000,0
40000,43,496,58000,0
180000,64,678,15000,1
210000,27,825,54000,1
145000,61,404,136000,0
150000,18,574,85000,0
110000,25,823,22000,1
65000,81,313,97000,0
65000,80,398,76000,0
165000,29,731,23000,1
170000,68,827,89000,1
35000,67,785,53000,1
40000,81,489,101000,0
110000,25,642,139000,0
50000,52,470,112000,0
135000,74,438,148000,0
180000,48,673,62000,1
135000,78,566,91000,0
250000,36,771,59000,1
70000,75,834,38000,1
70000,78,686,94000,1
100000,71,750,86000,1
195000,58,720,55000,1
145000,41,560,141000,0
60000,34,433,102000,0
40000,41,800,1000,1
125000,78,439,128000,0
140000,48,831,41000,1
75000,63,314,79000,0
70000,62,798,18000,1
165000,60,753,12000,1
125000,55,587,103000,0
55000,40,722,69000,1
65000,26,752,63000,1
50000,47,421,55000,0
145000,85,480,134000,0
45000,75,801,17000,1
100000,32,440,63000,0
25000,45,709,47000,1
80000,72,783,82000,1
205000,73,723,65000,1
70000,22,680,98000,1
120000,89,797,39000,1
235000,59,784,40000,1
45000,60,609,102000,0
55000,49,780,23000,1
115000,87,434,90000,0
150000,60,315,78000,0
105000,87,500,104000,0
85000,37,797,93000,1
50000,68,331,123000,0
85000,81,398,146000,0
115000,77,803,71000,1
135000,84,640,149000,0
250000,78,777,19000,1
40000,87,467,58000,0
220000,35,686,66000,1
140000,84,423,88000,0
90000,30,802,87000,1
145000,22,401,134000,0
115000,32,353,66000,0
95000,57,690,67000,0
140000,41,683,99000,1
165000,66,678,47000,1
110000,20,367,120000,0
160000,71,805,31000,1
75000,73,673,78000,1
190000,20,787,91000,1
145000,68,688,96000,0
60000,60,702,99000,1
40000,51,659,121000,0
180000,30,807,83000,1
30000,60,654,30000,1
55000,19,342,87000,0
60000,25,457,112000,0
110000,34,576,109000,0
40000,82,485,136000,0
120000,90,758,54000,1
90000,66,638,88000,0
205000,37,848,26000,1
150000,48,738,94000,1
120000,81,403,89000,0
80000,90,422,120000,0
110000,85,498,149000,0
65000,25,583,147000,0
240000,67,711,74000,1
205000,88,849,75000,1
250000,39,709,55000,1
25000,49,847,94000,1
170000,55,819,13000,1
130000,72,820,28000,1
145000,86,320,71000,0
100000,64,583,115000,0
105000,45,417,50000,0
235000,79,715,28000,1
240000,29,775,80000,1
60000,49,570,134000,0
205000,61,769,75000,1
105000,33,626,93000,0
115000,85,703,79000,1
225000,64,795,65000,1
125000,52,448,57000,0
125000,22,490,99000,0
230000,79,812,70000,1
40000,27,316,112000,0
230000,62,694,57000,1
210000,88,835,81000,1
250000,85,750,40000,1
140000,18,632,73000,0
30000,23,511,145000,0
45000,58,840,46000,1
190000,80,786,1000,1
50000,24,833,6000,1
50000,86,832,88000,1
25000,42,693,18000,1
115000,80,667,63000,0
140000,19,817,36000,1
190000,83,659,26000,1
200000,76,822,40000,1
30000,86,627,60000,0
95000,22,706,50000,1
155000,48,744,86000,1
125000,31,773,1000,1
45000,47,663,10000,1
50000,40,673,99000,0
55000,90,581,93000,0
215000,89,807,1000,1
85000,39,744,77000,1
165000,60,838,31000,1
215000,84,832,12000,1
150000,71,709,46000,1
50000,35,834,84000,1
150000,58,483,144000,0
245000,34,833,41000,1
145000,47,308,147000,0
30000,43,756,37000,1
150000,21,391,138000,0
150000,78,396,86000,0
195000,39,742,31000,1
115000,71,695,35000,1
130000,20,658,50000,1
160000,74,663,37000,1
60000,35,499,76000,0
210000,81,840,19000,1
85000,77,424,56000,0
100000,73,487,149000,0
70000,68,439,112000,0
40000,78,505,138000,0
135000,59,708,71000,1
125000,31,708,34000,1
135000,41,644,127000,0
35000,89,506,56000,0
90000,46,670,83000,1
150000,57,398,99000,0
100000,76,578,112000,0
105000,66,807,25000,1
25000,75,718,90000,1
70000,32,749,62000,1
145000,22,589,90000,0
90000,58,428,128000,0
175000,56,796,75000,1
25000,82,467,97000,0
70000,33,398,124000,0
100000,46,450,56000,0
110000,72,565,108000,0
135000,88,800,20000,1
60000,44,676,63000,1
40000,87,484,123000,0
240000,52,659,1000,1
60000,49,577,140000,0
105000,18,673,78000,0
105000,85,361,99000,0
215000,23,815,27000,1
70000,49,342,128000,0
75000,58,816,82000,1
200000,79,716,38000,1
145000,21,306,123000,0
125000,36,342,96000,0
225000,44,703,21000,1
100000,80,337,60000,0
90000,23,846,72000,1
75000,65,604,95000,0
35000,75,595,127000,0
165000,40,720,36000,1
140000,54,810,96000,1
235000,23,836,42000,1
190000,80,805,21000,1
55000,73,560,62000,0
80000,47,739,89000,1
40000,34,731,18000,1
210000,47,834,27000,1
100000,46,534,108000,0
140000,34,841,52000,1
145000,25,703,86000,1
210000,67,673,12000,1
30000,72,339,143000,0
50000,35,594,80000,0
110000,62,636,133000,0
45000,34,820,30000,1
80000,82,414,87000,0
85000,60,621,142000,0
230000,19,723,35000,1
210000,20,762,28000,1
125000,80,561,118000,0
145000,31,647,50000,0
80000,67,827,27000,1
55000,27,809,59000,1
25000,28,754,62000,1
95000,87,614,143000,0
135000,81,360,92000,0
25000,70,762,81000,1
150000,23,642,91000,0
150000,49,829,36000,1
120000,86,401,142000,0
250000,24,677,32000,1
60000,60,471,84000,0
115000,66,685,132000,0
250000,77,799,80000,1
125000,57,328,95000,0
105000,30,449,67000,0
55000,83,619,95000,0
110000,56,457,85000,0
150000,46,815,25000,1
90000,74,563,128000,0
95000,52,460,66000,0
55000,73,537,76000,0
180000,53,757,70000,1
90000,54,610,56000,0
120000,53,776,59000,1
95000,62,525,123000,0
45000,26,440,58000,0
200000,19,683,9000,1
230000,46,679,57000,1
210000,44,808,75000,1
185000,90,850,89000,1
30000,86,461,106000,0
65000,29,611,70000,0
170000,89,720,87000,1
45000,45,638,109000,0
100000,44,832,6000,1
30000,49,567,121000,0
85000,50,761,24000,1
250000,90,803,48000,1
30000,19,635,81000,0
60000,43,649,97000,0
180000,47,842,79000,1
90000,30,720,0,1
30000,85,444,113000,0
80000,56,662,61000,0
160000,80,658,29000,1
50000,60,721,3000,1
140000,24,697,22000,1
150000,66,737,17000,1
85000,80,585,94000,0
70000,50,543,63000,0
35000,32,567,97000,0
70000,25,815,49000,1
115000,78,528,86000,0
145000,62,505,93000,0
40000,77,706,79000,1
45000,29,850,30000,1
75000,65,657,78000,0
80000,56,694,63000,1
220000,76,668,53000,1
125000,79,743,8000,1
70000,24,392,69000,0
110000,37,388,124000,0
85000,62,492,94000,0
100000,85,555,71000,0
60000,49,711,10000,1
50000,53,385,130000,0
160000,45,687,43000,1
155000,84,742,76000,1
225000,55,727,3000,1
60000,45,662,55000,0
110000,57,617,126000,0
140000,20,849,78000,1
95000,90,363,103000,0
125000,77,319,113000,0
30000,40,781,96000,1
240000,52,701,88000,1
120000,36,807,32000,1
205000,56,844,97000,1
50000,23,663,126000,0
235000,47,721,59000,1
215000,59,814,12000,1
90000,38,759,1000,1
65000,53,373,86000,0
70000,44,818,5000,1
130000,89,782,78000,1
140000,54,453,126000,0
60000,31,462,141000,0
110000,53,464,90000,0
140000,76,655,51000,0
230000,33,847,42000,1
120000,21,795,24000,1
230000,86,779,44000,1
100000,74,826,75000,1
80000,63,714,36000,1
250000,75,846,74000,1
105000,25,784,81000,1
60000,58,540,61000,0
110000,35,759,97000,1
250000,60,682,85000,1
110000,50,707,89000,1
140000,84,668,13000,1
30000,86,722,47000,1
100000,82,514,111000,0
50000,35,800,79000,1
105000,68,699,95000,1
85000,43,614,111000,0
130000,29,410,78000,0
75000,81,743,97000,1
120000,51,614,99000,0
45000,49,547,139000,0
140000,44,505,70000,0
90000,78,585,62000,0
55000,43,592,83000,0
210000,58,702,83000,1
65000,65,643,120000,0
85000,53,673,50000,1
125000,38,805,21000,1
60000,40,400,143000,0
80000,80,491,75000,0
30000,32,727,75000,1
65000,64,303,54000,0
70000,30,687,77000,0
35000,74,729,98000,1
45000,71,345,86000,0
180000,76,798,92000,1
85000,38,669,123000,0
35000,83,492,79000,0
70000,60,538,94000,0
100000,89,376,74000,0
235000,52,706,16000,1
100000,48,425,87000,0
160000,55,691,26000,1
85000,55,560,133000,0
50000,67,772,23000,1
40000,77,709,42000,1
230000,46,773,57000,1
85000,49,384,64000,0
140000,63,488,148000,0
30000,66,334,141000,0
60000,24,706,36000,1
75000,44,678,16000,1
140000,73,632,117000,0
25000,36,807,73000,1
30000,24,679,63000,0
65000,27,524,90000,0
140000,64,802,96000,1
55000,36,684,86000,0
70000,51,601,55000,0
45000,89,648,141000,0
185000,25,848,57000,1
225000,34,811,94000,1
115000,37,458,82000,0
25000,83,584,133000,0
100000,50,669,92000,0
35000,88,311,108000,0
155000,25,838,78000,1
110000,42,353,114000,0
115000,25,697,30000,1
45000,27,789,93000,1
215000,35,764,7000,1
55000,46,592,142000,0
60000,87,641,104000,0
40000,74,803,92000,1
55000,38,550,98000,0
90000,81,426,79000,0
70000,41,413,50000,0
50000,61,437,69000,0
85000,63,651,66000,0
45000,76,315,76000,0
250000,40,749,13000,1
150000,76,421,126000,0
95000,87,675,120000,0
35000,46,663,63000,0
250000,84,728,64000,1
50000,51,628,110000,0
90000,62,659,110000,0
55000,35,306,99000,0
80000,73,708,45000,1
35000,56,685,27000,1
90000,55,701,88000,1
110000,69,346,52000,0
65000,34,773,34000,1
100000,60,686,79000,0
25000,54,485,121000,0
135000,78,659,3000,1
35000,75,817,5000,1
120000,82,674,57000,0
25000,62,838,96000,1
70000,84,846,23000,1
140000,38,657,112000,0
60000,76,641,107000,0
235000,68,825,69000,1
195000,19,812,88000,1
85000,81,603,136000,0
205000,43,656,52000,1
40000,84,370,94000,0
45000,53,622,75000,0
210000,49,816,14000,1
45000,84,781,88000,1
95000,59,316,138000,0
195000,59,802,55000,1
45000,76,825,49000,1
130000,88,691,89000,1
150000,45,365,121000,0
85000,18,770,15000,1
210000,27,717,78000,1
195000,24,837,54000,1
75000,50,783,45000,1
140000,86,364,109000,0
225000,62,660,25000,1
190000,43,744,7000,1
50000,25,813,37000,1
95000,59,704,33000,1
205000,18,741,33000,1
185000,76,760,86000,1
25000,87,421,130000,0
105000,43,849,65000,1
65000,26,762,20000,1
40000,54,408,86000,0
250000,64,771,27000,1
140000,60,844,81000,1
90000,86,365,76000,0
120000,31,470,93000,0
225000,41,734,71000,1
125000,71,826,98000,1
120000,87,743,37000,1
60000,66,579,90000,0
25000,79,650,99000,0
145000,59,748,63000,1
160000,34,761,17000,1
40000,44,836,35000,1
240000,85,722,22000,1
35000,76,371,86000,0
95000,21,662,56000,1
35000,19,728,96000,1
100000,89,553,87000,0
200000,52,772,64000,1
110000,54,634,93000,0
70000,44,432,117000,0
80000,47,477,110000,0
65000,44,469,89000,0
80000,28,560,77000,0
75000,31,572,140000,0
50000,34,428,70000,0
60000,52,603,144000,0
250000,38,715,55000,1
170000,18,652,4000,1
25000,66,603,94000,0
80000,41,414,106000,0
75000,23,690,34000,1
75000,80,314,123000,0
50000,78,578,84000,0
145000,34,780,17000,1
120000,28,656,80000,1
215000,27,657,2000,1
55000,84,573,73000,0
195000,30,808,62000,1
135000,58,361,105000,0
85000,69,504,147000,0
90000,28,414,77000,0
50000,26,322,83000,0
185000,53,732,74000,1
85000,72,312,126000,0
135000,69,663,12000,1
115000,90,312,95000,0
40000,66,688,87000,0
145000,69,347,133000,0
105000,60,791,54000,1
110000,72,638,71000,0
115000,70,679,33000,1
80000,29,559,136000,0
135000,79,536,55000,0
215000,36,747,99000,1
125000,83,517,105000,0
115000,48,822,67000,1
65000,30,378,113000,0
200000,56,790,31000,1
80000,75,609,134000,0
55000,51,684,30000,1
235000,45,754,82000,1
250000,19,849,96000,1
145000,49,312,124000,0
80000,33,406,65000,0
95000,21,690,79000,1
75000,54,741,40000,1
150000,78,553,91000,0
60000,40,317,50000,0
90000,77,415,71000,0
245000,55,831,57000,1
125000,76,762,9000,1
60000,42,721,47000,1
70000,50,304,77000,0
90000,77,409,66000,0
50000,39,391,126000,0
45000,86,682,90000,1
30000,52,802,1000,1
70000,58,796,90000,1
85000,47,750,41000,1
165000,72,768,92000,1
80000,78,800,7000,1
25000,76,548,76000,0
100000,57,590,139000,0
60000,79,582,85000,0
85000,83,385,109000,0
165000,72,681,12000,1
70000,89,792,25000,1
135000,50,439,107000,0
175000,50,827,27000,1
70000,26,661,24000,1
160000,37,833,22000,1
245000,43,684,74000,1
115000,18,655,24000,1
75000,78,621,111000,0
45000,40,527,85000,0
170000,80,721,76000,1
100000,31,805,64000,1
175000,26,778,5000,1
40000,39,630,88000,0
130000,33,800,74000,1
185000,67,698,83000,1
60000,77,667,90000,0
90000,22,552,132000,0
200000,55,802,88000,1
215000,20,824,86000,1
140000,88,630,57000,0
120000,54,844,54000,1
220000,42,760,75000,1
50000,20,610,123000,0
75000,82,690,58000,1
240000,40,723,87000,1
45000,21,605,126000,0
205000,80,814,89000,1
105000,38,735,70000,1
125000,55,703,93000,1
90000,44,687,50000,1
105000,24,841,46000,1
95000,90,731,39000,1
185000,87,805,43000,1
125000,82,722,7000,1
110000,83,445,124000,0
50000,76,509,120000,0
155000,67,794,40000,1
90000,73,493,67000,0
35000,39,583,103000,0
125000,36,638,82000,0
105000,78,572,104000,0
25000,60,641,67000,0
150000,52,604,99000,0
90000,85,798,69000,1
125000,81,437,134000,0
100000,57,376,50000,0
50000,18,389,94000,0
120000,62,604,142000,0
170000,30,659,66000,1
115000,67,774,29000,1
95000,22,388,105000,0
75000,64,486,88000,0
105000,85,683,33000,1
115000,90,420,129000,0
200000,52,751,81000,1
125000,62,523,50000,0
245000,25,651,40000,1
35000,50,573,66000,0
50000,52,606,55000,0
195000,53,802,89000,1
75000,73,445,75000,0
25000,73,406,50000,0
65000,81,744,92000,1
125000,37,614,96000,0
155000,79,823,3000,1
90000,62,554,71000,0
100000,35,377,135000,0
45000,24,439,87000,0
100000,29,317,144000,0
150000,38,612,70000,0
205000,72,711,12000,1
165000,66,689,36000,1
245000,87,845,12000,1
150000,64,745,55000,1
85000,49,400,75000,0
225000,34,805,21000,1
150000,21,435,101000,0
125000,48,537,120000,0
140000,20,827,91000,1
65000,41,407,148000,0
150000,89,398,53000,0
240000,42,807,19000,1
100000,18,422,121000,0
235000,67,679,66000,1
75000,72,391,130000,0
165000,51,794,18000,1
50000,54,314,66000,0
35000,41,581,97000,0
130000,57,767,65000,1
140000,38,599,80000,0
140000,75,745,72000,1
185000,63,752,91000,1
85000,64,734,90000,1
145000,49,777,42000,1
40000,53,383,149000,0
105000,88,661,45000,1
70000,19,722,59000,1
175000,21,708,75000,1
95000,43,419,93000,0
60000,71,306,94000,0
225000,32,752,30000,1
115000,82,770,14000,1
80000,36,748,31000,1
100000,65,488,112000,0
25000,87,323,112000,0
105000,75,372,61000,0
75000,19,685,14000,1
120000,23,793,40000,1
185000,52,654,40000,1
120000,72,581,84000,0
220000,59,811,42000,1
170000,76,667,61000,1
85000,52,673,95000,0
70000,62,573,115000,0
170000,27,686,34000,1
115000,21,661,66000,1
220000,29,805,41000,1
25000,23,825,55000,1
120000,44,802,6000,1
55000,90,715,98000,1
40000,56,339,108000,0
230000,77,689,65000,1
245000,82,700,76000,1
50000,76,727,99000,1
35000,43,421,109000,0
155000,19,667,83000,1
160000,64,784,13000,1
185000,54,656,64000,1
105000,86,409,116000,0
70000,62,689,12000,1
130000,31,474,51000,0
65000,40,456,96000,0
100000,54,556,131000,0
120000,90,521,86000,0
50000,20,597,87000,0
195000,75,717,9000,1
45000,46,372,52000,0
85000,64,545,120000,0
35000,71,521,58000,0
220000,22,821,40000,1
140000,20,301,86000,0
150000,69,633,50000,0
165000,56,665,14000,1
50000,61,387,90000,0
65000,36,399,129000,0
135000,19,437,100000,0
95000,53,419,114000,0
75000,46,517,107000,0
35000,57,661,60000,0
30000,44,666,63000,1
75000,86,346,114000,0
60000,52,712,1000,1
145000,90,586,87000,0
85000,61,582,120000,0
130000,82,436,53000,0
130000,77,516,140000,0
175000,25,776,70000,1
85000,84,681,59000,0
155000,36,820,7000,1
245000,43,729,63000,1
180000,18,797,75000,1
25000,67,379,121000,0
115000,19,567,58000,0
205000,33,835,3000,1
130000,57,396,74000,0
225000,25,802,5000,1
175000,67,696,73000,1
45000,64,683,98000,0
100000,87,457,50000,0
60000,87,470,60000,0
140000,38,668,113000,0
60000,80,494,55000,0
35000,32,747,22000,1
120000,49,615,73000,0
135000,69,565,120000,0
240000,26,661,90000,1
50000,42,804,87000,1
85000,78,743,59000,1
125000,63,651,70000,0
70000,75,668,114000,0
185000,77,768,69000,1
215000,37,776,61000,1
70000,82,660,36000,1
150000,24,485,128000,0
120000,45,586,116000,0
95000,72,535,67000,0
160000,90,683,78000,1
40000,49,508,124000,0
105000,32,506,106000,0
120000,73,632,146000,0
25000,52,688,8000,1
115000,47,434,83000,0
70000,61,643,87000,0
85000,35,839,70000,1
60000,48,617,96000,0
160000,24,830,78000,1
70000,38,791,27000,1
70000,54,731,90000,1
135000,69,493,120000,0
115000,78,339,98000,0
45000,68,316,146000,0
30000,60,731,94000,1
50000,26,354,111000,0
55000,70,427,71000,0
120000,66,782,56000,1
80000,71,358,148000,0
225000,51,844,54000,1
105000,62,741,4000,1
95000,63,555,89000,0
210000,50,721,62000,1
90000,74,663,47000,1
100000,71,354,138000,0
75000,31,786,11000,1
75000,41,712,63000,1
220000,58,808,25000,1
55000,31,538,85000,0
35000,71,431,69000,0
35000,20,589,118000,0
90000,66,741,14000,1
125000,37,387,98000,0
80000,64,534,81000,0
120000,38,307,57000,0
30000,81,369,60000,0
95000,83,723,54000,1
120000,21,449,124000,0
70000,42,331,111000,0
230000,26,756,84000,1
185000,41,753,79000,1
35000,32,522,120000,0
150000,59,784,66000,1
45000,85,686,93000,1
115000,27,822,60000,1
95000,18,818,51000,1
40000,88,781,3000,1
35000,23,546,129000,0
115000,82,541,77000,0
135000,42,766,13000,1
115000,25,614,119000,0
150000,28,335,126000,0
220000,86,711,73000,1
160000,29,653,59000,1
125000,21,531,145000,0
85000,81,573,88000,0
70000,19,756,8000,1
50000,86,718,2000,1
170000,61,663,79000,1
200000,58,764,88000,1
50000,53,660,147000,0
90000,23,525,69000,0
65000,60,685,34000,1
120000,28,775,92000,1
30000,30,362,111000,0
135000,77,844,88000,1
55000,71,453,143000,0
80000,70,748,57000,1
65000,32,563,53000,0
30000,21,489,134000,0
115000,78,683,47000,1
70000,54,431,82000,0
135000,18,748,71000,1
225000,24,808,38000,1
90000,47,343,76000,0
45000,34,337,140000,0
245000,40,669,57000,1
125000,84,684,80000,1
245000,84,760,47000,1
75000,62,519,82000,0
50000,76,463,144000,0
140000,59,504,52000,0
160000,20,771,82000,1
115000,47,326,128000,0
200000,79,753,98000,1
105000,40,302,90000,0
105000,38,454,129000,0
155000,85,813,38000,1
140000,23,846,52000,1
195000,75,657,67000,1
30000,69,393,84000,0
125000,80,336,112000,0
225000,61,833,51000,1
230000,52,651,44000,1
135000,81,718,42000,1
65000,64,749,27000,1
105000,84,326,59000,0
60000,32,653,33000,1
185000,55,708,27000,1
135000,80,489,59000,0
110000,38,610,110000,0
135000,86,464,148000,0
220000,72,723,74000,1
150000,58,450,122000,0
130000,54,840,10000,1
240000,56,839,86000,1
130000,18,726,30000,1
145000,22,605,82000,0
215000,88,842,44000,1
250000,18,773,65000,1
175000,19,819,95000,1
50000,63,537,143000,0
205000,62,666,78000,1
120000,33,352,102000,0
90000,25,300,138000,0
25000,27,426,136000,0
240000,43,742,56000,1
115000,19,679,5000,1
80000,70,329,139000,0
80000,79,377,139000,0
150000,27,359,133000,0
150000,81,571,114000,0
210000,74,650,2000,1
135000,31,703,41000,1
130000,24,530,117000,0
120000,78,409,97000,0
65000,82,466,98000,0
60000,57,628,92000,0
40000,83,470,138000,0
135000,42,529,126000,0
45000,69,702,19000,1
70000,85,657,95000,1
155000,25,682,3000,1
50000,25,359,128000,0
125000,86,439,50000,0
165000,81,662,95000,1
35000,84,842,55000,1
75000,62,425,57000,0
160000,51,740,13000,1
145000,37,471,61000,0
130000,45,669,23000,1
55000,19,750,61000,1
150000,52,613,99000,0
235000,70,696,2000,1
145000,61,695,51000,1
65000,38,783,52000,1
145000,83,475,59000,0
145000,69,847,91000,1
105000,66,592,117000,0
180000,87,755,84000,1
35000,23,670,35000,1
120000,66,306,132000,0
70000,67,414,96000,0
50000,51,315,84000,0
110000,37,632,97000,0
220000,85,700,19000,1
35000,53,657,70000,0
115000,66,664,49000,1
45000,71,615,126000,0
235000,61,725,14000,1
30000,68,663,55000,1
105000,34,455,111000,0
225000,34,663,30000,1
110000,75,616,149000,0
150000,85,412,69000,0
90000,89,827,7000,1
125000,58,840,35000,1
65000,45,437,79000,0
140000,77,471,63000,0
165000,84,728,84000,1
60000,80,723,90000,1
60000,89,569,123000,0
60000,89,631,72000,0
135000,65,369,110000,0
85000,69,726,18000,1
180000,62,798,87000,1
55000,87,587,111000,0
50000,83,750,3000,1
50000,75,756,75000,1
35000,24,664,51000,0
70000,20,679,59000,0
90000,88,707,6000,1
190000,59,676,41000,1
95000,18,428,141000,0
95000,90,633,131000,0
150000,34,421,111000,0
50000,74,777,50000,1
90000,74,672,139000,0
95000,48,608,62000,0
145000,65,741,73000,1
60000,61,593,85000,0
45000,43,408,145000,0
120000,61,696,53000,1
140000,74,426,107000,0
105000,26,615,144000,0
55000,25,316,94000,0
110000,78,810,4000,1
190000,50,744,87000,1
70000,38,755,79000,1
190000,23,712,92000,1
115000,46,653,81000,1
80000,71,798,70000,1
250000,35,828,89000,1
215000,74,686,10000,1
40000,72,785,74000,1
230000,20,774,60000,1
140000,62,345,142000,0
115000,47,349,83000,0
40000,73,738,57000,1
105000,63,324,126000,0
60000,43,642,131000,0
40000,59,352,128000,0
40000,22,688,72000,1
50000,26,642,57000,0
100000,33,698,20000,1
140000,24,722,57000,1
150000,78,634,139000,0
75000,70,495,55000,0
250000,77,776,12000,1
100000,61,538,86000,0
30000,45,753,0,1
160000,88,721,90000,1
145000,35,304,51000,0
95000,56,643,128000,0
